{"cameraMode":{"drawMode":0,"name":"Shaded","section":"Shading Mode"},"sceneLighting":true,"audioPlay":false,"sceneViewState":{"showFog":true,"showMaterialUpdate":false,"showSkybox":true,"showFlares":true,"showImageEffects":true,"showParticleSystems":true},"in2DMode":false,"pivot":{"x":-2.3433022499084474,"y":1.3419957160949708,"z":0.6041221618652344},"rotation":{"x":-0.18369542062282563,"y":0.428956538438797,"z":-0.08955029398202896,"w":-0.8799108862876892},"size":15.941306114196778,"orthographic":false}