{"cameraMode":{"drawMode":0,"name":"Shaded","section":"Shading Mode"},"sceneLighting":false,"audioPlay":false,"sceneViewState":{"showFog":true,"showMaterialUpdate":false,"showSkybox":false,"showFlares":true,"showImageEffects":true,"showParticleSystems":true},"in2DMode":false,"pivot":{"x":4.045000076293945,"y":1.850000023841858,"z":-0.46000000834465029},"rotation":{"x":-0.19468314945697785,"y":0.3176595866680145,"z":-0.06681270152330399,"w":-0.925601065158844},"size":0.5148342251777649,"orthographic":false}