{"cameraMode":{"drawMode":0,"name":"Shaded","section":"Shading Mode"},"sceneLighting":false,"audioPlay":false,"sceneViewState":{"showFog":true,"showMaterialUpdate":false,"showSkybox":false,"showFlares":true,"showImageEffects":true,"showParticleSystems":true},"in2DMode":false,"pivot":{"x":1.2597577571868897,"y":3.274035692214966,"z":-5.517348289489746},"rotation":{"x":0.11368913948535919,"y":-0.0773775577545166,"z":0.00935597624629736,"w":0.9905422925949097},"size":4.731311798095703,"orthographic":false}