{"cameraMode":{"drawMode":0,"name":"Shaded","section":"Shading Mode"},"sceneLighting":true,"audioPlay":false,"sceneViewState":{"showFog":true,"showMaterialUpdate":false,"showSkybox":true,"showFlares":true,"showImageEffects":true,"showParticleSystems":true},"in2DMode":false,"pivot":{"x":9.928964614868164,"y":3.8658924102783205,"z":-2.2584304809570314},"rotation":{"x":0.11877349764108658,"y":-0.6444903016090393,"z":0.1029360294342041,"w":0.7484022378921509},"size":9.726031303405762,"orthographic":false}